,avge,avge2,count,rlist,sum,sum2
0,107.276330049,122.873950328,1218,"('gt_ma',)",130662.57,149660.4715
1,109.243685417,120.193040764,1440,"('ma_up',)",157310.907,173077.9787
2,59.7956681319,73.6868985348,1365,"('kdj_up',)",81621.087,100582.6165
3,118.634553363,130.968504126,1115,"('gt_ma', 'ma_up')",132277.527,146029.8821
4,103.901702051,114.464987455,829,"('gt_ma', 'kdj_up')",86134.511,94891.4746
5,111.505394012,115.210382635,835,"('ma_up', 'kdj_up')",93107.004,96200.6695
6,122.653350136,127.437297275,734,"('gt_ma', 'ma_up', 'kdj_up')",90027.559,93538.9762
