,avge,avge2,count,rlist,sum,sum2
0,176.989445957,220.041468255,1175,"('gt_ma',)",207962.599,258548.7252
1,145.16717819,172.268892017,1403,"('ma_up',)",203669.551,241693.2555
2,177.309285251,198.888828201,1234,"('kdj_up',)",218799.658,245428.814
3,181.493185083,222.845795764,1086,"('gt_ma', 'ma_up')",197101.599,242010.5342
4,198.212968238,241.833523668,976,"('gt_ma', 'kdj_up')",193455.857,236029.5191
5,189.401936458,224.4869075,960,"('ma_up', 'kdj_up')",181825.859,215507.4312
6,206.530776036,247.418713326,893,"('gt_ma', 'ma_up', 'kdj_up')",184431.983,220944.911
