,avge,avge2,count,rlist,sum,sum2
0,60.9498335756,67.0197084302,2752,"('gt_ma',)",167733.942,184438.2376
1,56.2695558739,59.5023170646,3141,"('ma_up',)",176742.675,186896.7779
2,35.6825190766,46.4180772684,3119,"('kdj_up',)",111293.777,144777.983
3,66.8604867641,70.8123323192,2531,"('gt_ma', 'ma_up')",169223.892,179226.0131
4,52.3187949167,64.3196745399,2282,"('gt_ma', 'kdj_up')",119391.49,146777.4973
5,53.2097704698,64.9067167785,2235,"('ma_up', 'kdj_up')",118923.837,145066.512
6,57.4249131061,67.7495968795,2083,"('gt_ma', 'ma_up', 'kdj_up')",119616.094,141122.4103
